Type,Sentence,Quality,Price,Packaging,Service,Sentiment
0,"i recently purchased the pepsi cola soda 12oz cans, 24 pack from amazon, and i must say, it was an excellent choice!",1,0,0,0,2
0,"as a long-time fan of pepsi, i was thrilled to find this classic soda available in such a convenient and cost-effective package.",0,0,1,0,2
0,"first and foremost, the taste of pepsi cola remains as delightful as ever.",1,0,0,0,2
0,the perfect balance of sweetness and carbonation makes every sip a refreshing experience.,1,0,0,0,2
0,"whether enjoyed alone or paired with a meal, pepsi's distinct flavor never fails to satisfy my cravings.",1,0,0,0,2
0,the 24-pack size is ideal for stocking up the pantry or for parties and gatherings.,0,0,1,0,2
0,having a sufficient supply of 12oz cans ensures that there's always a cold pepsi ready to be enjoyed.,0,0,0,1,2
0,"the compact cans are easy to handle and fit perfectly in the refrigerator, making them an excellent choice for on-the-go individuals as well.",0,0,1,0,2
0,pepsi's reliable packaging ensures that each can arrives in perfect condition.,0,0,0,1,2
0,"i appreciate the attention to detail in the packaging design, which protects the cans from any potential damage during transit.",0,0,1,0,2
0,"additionally, the cans are easy to open,",0,0,1,0,2
0,"and the carbonation is consistently preserved, ensuring a delightful fizzy experience every time.",1,0,0,0,2
0,.purchasing this 24-pack from amazon was a breeze.,0,0,0,1,2
0,the delivery was prompt.,0,0,0,1,2
0,the product arrived in excellent condition.,0,0,0,1,2
0,"the convenience of having it delivered right to my doorstep saves me time and effort, making it a convenient option for anyone who",0,0,0,1,2
0,loves the taste of pepsi.,1,0,0,0,2
0,"in conclusion, the pepsi cola soda 12oz cans, 24 pack is a fantastic purchase for any pepsi lover.",1,0,0,0,2
0,"with its classic taste,",1,0,0,0,1
0,convenient packaging,0,0,1,0,2
0,and reliable delivery,0,0,0,1,2
0,it offers great value for money.,0,1,0,0,2
1,i highly recommend this product to anyone seeking a refreshing beverage that never disappoints.,1,0,0,0,2
1,cheers to pepsi and its timeless appeal!,1,0,0,0,2
1,i liked small cans just enough,0,0,1,0,2
1,very tasty.,1,0,0,0,2
0,love these mini cans because i can never finish the regular size!,0,0,1,0,2
1,tastes great and is good pricing.,1,1,0,0,2
0,great taste & quantity!,1,0,0,0,2
0,"pepsi, a standard,",1,0,0,0,1
0,write a review about the amazing pepsi zero drink.,1,0,0,0,2
0,"not only does it have zero sugar and calories,",1,0,0,0,1
0,the taste is also incredible.,1,0,0,0,2
0,it's a nostalgic reminder of the classic pepsi taste that has been a staple in my life for years.,1,0,0,0,1
0,"every time i take a sip of this refreshing drink, i am transported back to my childhood memories.",1,0,0,0,1
1,"so if you're looking for a delicious and guilt-free beverage, pepsi zero is the way to go.",1,0,0,0,1
0,i highly recommend giving it a try!,1,0,0,0,0
1,my favorite drink we get 2 or 3 cases every 2 weeks.,1,0,0,0,2
1,i love this drink.,1,0,0,0,2
1,delicious.,1,0,0,0,2
1,hits better than a coke zero and this is coming from someone who prefers coke to pepsi normally.,1,0,0,0,1
1,"don’t get me wrong, i will still drink an original coke over a pepsi product,",1,0,0,0,1
0,"when it comes to sugar free, you can’t go wrong with this bevvy.",1,0,0,0,1
0,"me and my fiancés both agree that even though we like coke zero, this far exceeds coke zero’s taste.",1,0,0,0,1
0,"yummy, that’s all folks.",1,0,0,0,2
0,coke zero is my favorite diet cola.,1,0,0,0,1
0,the cans arrived bashed up at the ends that you had to open.,0,0,0,1,0
0,made it difficult to pop the tops.,0,0,1,0,0
0,don't know if i would order cans again.,0,0,0,1,1
0,amazon has big problems keeping coca-cola in stock.,0,0,0,1,1
1,"i usually purchase the bottles if they're available, big if.",0,0,0,0,1
1,"this was the first time i ordered cans, and wasn't pleased in the condition of cans.",0,0,0,1,0
1,arrived in excellent condition.,0,0,0,1,2
0,may be different depending on what time of year that you purchase.,1,0,0,0,1
1,bitter cold temperatures can affect the condition that the cans arrive in.,0,0,0,1,1
1,sugar free mango is a satisfying drink for a diet soda.,1,0,0,0,1
1,i love mango,1,0,0,0,2
1,"did not expect this to taste good at all, let alone be my new favorite.",1,0,0,0,0
1,it is very mango.,1,0,0,0,1
1,soda should not be a monetary splurge as well as a dietary one.,0,1,0,0,1
1,that’s the risk of liking something unusual like this - and i don’t know if this is limited edition or just less stocked -,0,0,1,0,1
1,"if you love it, you’re then stuck chasing more, or eventually having to just enjoy it in sweet memory.",1,0,0,0,2
1,"and it is very sweet,",1,0,0,0,1
1,pepsi already is a very sweet cola,1,0,0,0,1
0,"with the choice between regular pepsi and mango pepsi, i’d go for mango every time, and going back to regular will be strange.",1,0,0,0,1
0,"so, again, perhaps it’s an altogether good thing i’m drinking soda less and less!",1,0,0,0,1
0,good value.,0,1,0,0,1
0,my brother and sister said they didn't like it.well my sister actually tried it.,1,0,0,0,0
0,whats odd is that i tried mango pepsi in a can and also the plastic bottle and i normally prefer the plastic bottles cause it usually has a better fizz to the soda in the 16.9 plastic bottle,1,0,0,0,2
1,with the mango pepsi i truthfully prefer the cans.kind of odd,1,0,0,0,2
0,yes i actually think the mango pepsi is pretty darn good.,1,0,0,0,2
0,everyone in my family like pepsi 0.there are four diabetics in our house and pepsi 0 is our first choice.,1,0,0,0,1
0,one good thing about drinking from the mini cans is controlling the intake of soda.,0,0,1,0,2
1,pepsi mini cans are also a lot cheaper than mini plastic bottles and better for recycling.,0,1,0,0,2
0,it still has the same pepsi taste and the size cold help you stash more in a small ice chest.,0,0,1,0,2
0,very satisfy.,1,0,0,0,2
1,tastes better than the ones with sugar.,1,0,0,0,2
1,sugar is bad for humans!,1,0,0,0,0
1,for price and amount of cans is fine i guess.,0,1,0,0,1
1,if your teeth get messed up from drinking soda just remember pepsi doesn’t care !,0,0,0,0,0
1,not a everyday drink!,0,0,0,0,1
0,soda shouldn’t be consumed more than twice a week at the most!,1,0,0,0,1
1,kidney stones and more is something you don’t want later on in life!,0,0,0,0,0
1,great zero sugar soda.,1,0,0,0,2
0,"i wish more care was taken so cans won't arrive damaged,",0,0,0,1,0
1,am glad they arrive in a timely manner.,0,0,0,1,2
0,never a disappointment!,0,0,0,0,1
1,no dislikes .,0,0,0,0,1
1,arrived fast and day early. love when that happens.,0,0,0,1,2
0,i really like these new zero sugar sodas as opposed to the former “diet” sodas.,0,0,0,0,2
0,these are cleaner tasting and don’t leave any off-taste after drinking.,1,0,0,0,2
0,love these cans cold from the fridge!,0,0,0,0,2
1,they are great when i get a chance to try them!,0,0,0,0,2
1,will definitely purchase them again!,0,0,0,0,2
0,loved the more compact packaging.,0,0,1,0,2
0,can you put the whole box in the refrigerator that uses horizontal and vertical space better than the longer narrow boxes.,0,0,0,0,2
1,"it was delicious,",1,0,0,0,2
0,man i wish these came in bigger sizes.,0,0,0,0,1
0,no early expiration date.,0,0,0,0,1
1,tastes exactly like pepsi should.,1,0,0,0,1
0,my elderly mother likes these drinks.,1,0,0,0,2
0,2 cans were busted.,0,0,0,1,0
0,it is not a good replacement for my fave cherry coke zero.,1,0,0,0,1
1,i think that pepsi is so much better that it’s competitor.,1,0,0,0,2
0,who doesn’t like a 24 pack.,0,0,0,0,2
1,the more the merrier.,0,0,0,0,1
0,i love my pepsi zero sugar.,1,0,0,0,2
1,"when stored in the refrigerator, the cans can become chilled, and enhance the drinking experience.",0,0,0,0,1
1,it was tasty and value for money with the price.,1,1,0,0,2
0,i love the taste.,1,0,0,0,2
0,you can’t really taste the peach flavor.,1,0,0,0,1
1,the pineapple ones from little caesars are great.,0,0,0,0,2
1,me and my wife are definitely loving it.,0,0,0,0,2
0,"if you like mango flavor, do not think twice, this item is ridiculously great even though it sounds like it does not go together - it really does!",1,0,0,0,2
1,one was no good.,1,0,0,0,0
0,had seal broken and leaked.,0,0,0,1,0
0,i drink pepsi zero almost every day and these mini's are just the right amount for a quick drink.,0,0,0,0,2
0,i'm not a pepsi drinker anymore it doesn't taste like you used to taste when i was coming up and now i drink coca-cola cuz it gives me that burp then i'm that i need that i can't get from pepsi 7up and sprite gives me a good burp,1,0,0,0,1
0,i can’t get enough of this flavor!,1,0,0,0,0
1,the mango is not overwhelming,1,0,0,0,0
0,"i add some french vanilla coffee creamer and it’s absolutely delicious, like a soda float minus the thickness.",1,0,0,0,1
0,i always have this soda stocked up in my fridge.,0,0,0,0,1
0,we bought these as a gift and they were very pleased to receive them.,0,0,0,0,2
1,i’ve always loved pepsi!,0,0,0,0,2
1,just the right amount of sweetness and it tastes good every time.,1,0,0,0,2
0,i personally like warm sodas because to me they taste really shines through.,1,0,0,0,2
0,"i've cut way down on my carbonated soda intake, mango pepsi is my favorite guilty pleasure.",1,0,0,0,1
0,i bought the 12 pack and may have to stock up because pepsi will stop making this instead of keeping a permanent flavor.,0,0,1,0,1
0,this is great to control how much soda you're drinking.,0,0,1,0,2
1,you don't really need to get the bigger can.,0,0,0,0,1
1,also for mixing drinks is great because you have less possibility of leaving some content in the can between drinks.,1,0,0,0,1
0,you will open a new can more often.,0,0,0,0,2
0,less flat soda in your drinks.,1,0,0,0,1
1,this purchase was a great choice.,0,0,0,0,1
0,we were surprised by the very present mango flavor.,1,0,0,0,1
0,i want to reduce waste.,0,0,0,0,1
0,perfect size.,0,0,1,0,2
0,still the best cola to me.,1,0,0,0,2
0,the best new flavor pepsi has made in years!,1,0,0,0,2
0,it’s so hard to find in the northeast.,0,0,0,0,1
1,only the regular pepsi mango appears to be sold in stores.,1,0,0,0,1
1,what is going on with the availability of p m zero?,0,0,0,0,1
0,is it being discontinued or phased out for another flavor?,1,0,0,0,1
1,it’s a great soda with a unique and appealing flavor.,1,0,0,0,2
1,sometimes you don't need to have a big can or bottle to keep you satisfied.,0,0,1,0,1
0,this does the trick at a great price.,0,1,0,0,2
0,i've been a pepsi lover for years,0,0,0,0,2
1,"i'll always take pepsi over coke, their new flavors make the old standard more fun.",1,0,0,0,2
1,"mango seems to be a good match, and it's almost a regular buy now.",1,0,0,0,2
1,i have always loved pepsi and wanted to try the pepsi mango becuz it was made by pepsi.i must say that i was really surprised about the mango flavor!,1,0,0,0,2
0,i order this as often as i can along with regular pepsi.highly recommended.,1,0,0,0,1
0,this is an incredible buy for urban amazonians and those of us in high cost-of-living areas.,0,1,0,0,2
0,as cities and states try to tax soft drinks-many having failed because of the sugar and hfcs lobbies.,0,1,0,0,1
0,many have commented that the price per ounce is a ripoff.,0,0,0,0,0
0,i wasn't sure if this product would be good,1,0,0,0,1
1,i was pleasantly surprised.,0,0,0,0,2
0,i order it on a regular basis now.,0,0,0,1,2
1,"if you're a diet pepsi fan, this is a nice little change from the norm.",1,0,0,0,1
0,and it tastes really good with rum!,1,0,0,0,2
0,arrived at my door went straight to the fridge after i opened one.,0,0,0,0,1
0,"if you ever will see at the any store, just grab it, very tasty!",1,0,0,0,2
0,diet pepsi and pepsi zero both taste too sweet to me.,1,0,0,0,1
1,diet pepsi tastes like sweet battery acid.,1,0,0,0,0
1,diet coke tasks like bitter battery acid.,1,0,0,0,0
1,"pepsi, zero sugar is actually pretty good, and passable as a regular cola.",1,0,0,0,2
0,"the caffeine content of pepsi, zero sugar is also the highest of any cola outside jolt, so that's a nice little kick of energy right there.",1,0,0,0,1
0,these compact cans are great as they take up little space in the fridge.,0,0,1,0,2
0,also satisfies when you have a taste for pepsi.,1,0,0,0,2
0,only complaint is that price has increased.,0,1,0,0,0
1,i like the size of these cans.,0,0,1,0,2
0,they are excellent for kids and people who don't drink alot of soda products.,0,0,0,0,2
0,they were packaged well to ship them without any damage to the cans.,0,0,0,1,2
1,i buy frequently and recommend purchasing them.,0,0,0,0,2
1,great when in stock.,0,0,0,0,2
0,the cans i have always ordered in the boxes have always been dirty and sticky.,0,0,0,1,0
1,the taste is never affected.,1,0,0,0,1
1,the media could not be loaded.,0,0,0,0,1
1,always dented cans.,0,0,0,1,0
0,"this is the eclosest i have found to regular sugared pepsi, it isn't perfect though, still has an after taste that drives me nuts.",1,0,0,0,0
0,perfect to pack for small person snack or if you have small amounts of room.,0,0,1,0,2
0,easy to monitor intake with kids because the size is great for the young ones.,0,0,1,0,2
0,"my local store wants almost a dollar more per pack, so this is where i buy mine.",0,1,0,0,1
0,"it is extremely overpriced, i think it’s selling for $55 for a 15 pack of 12 oz cans…",0,1,0,0,0
1,i will put a mango in my diet pepsi before paying that ludicrous amount.,0,0,1,0,0
1,i’m sure it will be discontinued soon.,0,0,1,0,0
1,"anyone i talked to didn’t even know it existed, greedy sales persons?",0,1,0,0,0
0,not for $55.,0,1,0,0,1
0,"my child and i drink these whenever we can order them, and they are tasty like happy juice.",1,0,0,0,2
1,"definitely a sometimes treat,",0,0,0,0,1
0,wow is the mango flavor strongly blended with the pepsi flavor.,1,0,0,0,2
0,i like the fact that they come in a mixed assortment great for company,0,0,0,0,2
0,and you never know what flavor you're going to get .,1,0,0,0,1
0,"wish it was better priced, everything so expensive now.",0,1,0,0,1
1,pepsi mango zero is awesome.,1,0,0,0,2
1,yes mango is an acquired taste not for everybody,1,0,0,0,1
0,just cause some of ya all don't like the flavor doesn't mean it's nasty.,1,0,0,0,1
0,my family loves it and with zero sugar it's a win win in my household!,1,0,0,0,2
0,i'll take pepsi over coke every time.,0,0,0,0,1
0,24 cans for under $12 is a great price.,0,1,0,0,2
0,love this flavor,1,0,0,0,2
1,unable to get it in zero sugar version in my location.,0,0,0,0,1
0,was fast delivery.,0,0,0,1,2
1,tried ordering this from other suppliers only wasted my time.,0,0,0,1,0
0,arrived early and well packed so none was dented.,0,0,0,1,2
1,i don’t know why i thought that the taste was not going to be artificial lol,1,0,0,0,1
1,kept on seeing it on tv and decided to try it.,0,0,0,1,1
1,i feel like it taste even more sugary than regular pepsi.,1,0,0,0,0
1,must be the added ingredients for the mango taste.,1,0,0,0,1
1,it’s ok though and the kids love it.,1,0,0,0,2
0,perfect lil size for those who don't want a full can.,0,0,1,0,2
0,not a bad deal at all for delivery i will buy again.,0,1,0,0,1
0,"my son daniel doesn't drink coffee, so he gets this, the size it just enough",0,0,1,0,1
0,he would love to have the cherry pepsi more!,1,0,0,0,2
1,my family and i were surprised at how good and balanced the mango flavor was.,1,0,0,0,2
1,"for us there was no ""diet soda"" aftertaste.",1,0,0,0,0
1,pretty sure we found our new favorite zero calorie soda.,0,0,0,0,2
0,love this soda.,1,0,0,0,2
0,whole family loves it.,1,0,0,0,2
0,wish it were a bit cheaper,0,1,0,0,1
0,all soda seems to be expensive these days.,0,1,0,0,1
1,it was pretty much what i expected.,1,0,0,0,2
1,"the initial flavor is traditional pepsi cola then the ""splash of mango"" comes in the form of a mild aftertaste.i would have preferred two splashes",1,0,0,0,2
1,it is fine.,0,0,0,0,1
1,i will probably buy again,0,0,0,0,2
0,i just love the mango flavor.,1,0,0,0,2
0,just the right amount of sweetness and i love having one in the evening a few hours after supper.,1,0,0,0,2
0,zero calories,1,0,0,0,1
0,it makes me feel like i’m enjoying a dessert.,1,0,0,0,2
1,about 2 cans damaged like size less waste being small.,0,0,0,1,0
0,buy often.,0,0,0,0,1
1,mango is a bit strong,1,0,0,0,2
1,the pepsi taste is still there!,1,0,0,0,2
0,it was pretty good to my surprise.,1,0,0,0,2
1,just regular pepsi...was good value...but now price jumped...not happy about it..happening to all items i consistently buy...wacked out algorithm!,0,1,0,0,0
0,"product was to high, now",0,1,0,0,0
0,"in stores for 4.00 , love to have 20oz bottles",0,1,0,0,0
0,"35 dollars is to high, when they come down i’ll buy, pepsi 0 mango in 20 oz bottles.",0,1,0,0,0
1,cans of pepsi just taste flat after drinking from the 7.5 oz.,1,0,0,0,0
1,cans is equal to the number of calories in 2/3 of the 12 oz.,1,0,0,0,1
1,"either way, you're controlling your intake better by going with the smaller cans.",0,0,1,0,2
1,"it's to be expected that they're more expensive per ounce,",0,1,0,0,0
0,i like these little mini pepsi cans just the right size for me for a quick drink thanks terry j barnes.,0,0,1,0,2
1,the sodastream starry beverage mix is a sparkling invitation to explore new flavors and elevate your hydration game.,1,0,0,0,2
1,"this beverage mix offers a playful twist to your ordinary refreshments, turning every sip into a sparkling adventure.the initial allure lies in the unique and imaginative flavors.",1,0,0,0,2
1,"sodastream has truly outdone themselves with the starry lineup, offering combinations that range from fruity to exotic.",1,0,0,0,2
1,"whether you're a fan of classic flavors or looking to step out of your beverage comfort zone, there's something for everyone.the convenience of this beverage mix is undeniable.",1,0,0,0,2
1,the process of creating your fizzy concoction is simple and satisfying.,1,0,0,0,2
1,"a few quick presses of the sodastream machine, and you're greeted with a burst of effervescence that transforms still water into a sparkling delight.",1,0,0,0,1
1,"the starry mix dissolves seamlessly, creating a bubbly symphony that's just as enjoyable for the eyes as it is for the taste buds.",1,0,0,0,2
1,i appreciate that sodastream is mindful of varying preferences when it comes to sweetness.,1,0,0,0,2
1,"the starry beverage mix is available in different levels of sweetness, ensuring that you can customize your drink to match your taste.",1,0,0,0,2
1,"this flexibility caters to a wide range of palates, making the experience more personal.the starry mix does deliver on flavor,",1,0,0,0,2
1,i found that some flavors were more intense than others.,1,0,0,0,2
1,it's worth experimenting with the amount of mix you use to find your perfect balance of flavor intensity,1,0,0,0,2
1,.the eco-conscious will be pleased to know that sodastream encourages a reduction in single-use plastic bottles by offering a reusable bottle alternative.,0,0,1,0,2
1,"the variety of flavors,",1,0,0,0,1
1,"convenience of use, and eco-friendly approach make it a compelling choice for those seeking a unique sparkling experience.",0,0,1,0,2
1,"the flavor intensity may vary, the ability to customize your drink's sweetness level ensures that there's something for everyone's taste buds.pros:- unique and imaginative flavor combinations- convenient process for creating sparkling drinks- customizable sweetness levels- encourages sustainability with reusable bottles- adds a playful twist to hydrationcons:- flavor intensity may vary.",1,0,0,0,2
0,the sodastream pepsi zero sugar beverage mix pack is a true delight for pepsi enthusiasts.,1,0,0,0,2
0,"with its convenient 440ml size and pack of 6, it allows for enjoying your favorite beverage.",0,0,1,0,2
0,"the taste is impeccable, delivering the classic pepsi flavor without any guilt thanks to the absence of sugar.",1,0,0,0,2
0,"each sip is refreshingly clean and satisfying, making it the perfect choice for quenching your thirst throughout the day.",1,0,0,0,2
0,"the pack offers the convenience of homemade pepsi, i highly recommend the sodastream pepsi zero sugar beverage mix pack to anyone looking for a convenient and delicious way to enjoy their favorite beverage.",1,0,1,0,2
0,"which is an eco-friendly solution, reducing the need for single-use plastic bottles.",0,0,1,0,2
1,i use filtered water as cold as i can get it without freezing.i like my water very fizzy.,1,0,0,0,2
1,"terra instructions say up to 5 pumps, i do 6.syrup instructions say to fill the cap up the middle line.tried this, i thought the flavor was a bit weak.",0,0,0,0,1
0,the sodastream pepsi zero sugar beverage mix offers a delightful way to enjoy your favorite pepsi flavor with the convenience and customization of sodastream.,1,0,0,1,2
0,"each pack contains four 14.9 fl oz bottles, allowing you to make liters of fizzy, refreshing pepsi zero sugar at home.",1,0,0,0,2
0,this mix is perfect for those who are mindful about sugar intake,1,0,0,0,2
0,"still crave the classic, robust taste of pepsi.",1,0,0,0,1
0,"the ease of use is impressive simply carbonate your water with sodastream and add the pepsi zero sugar mix to create a perfect, personalized soda every time.",1,0,0,0,2
0,"this product is ideal for parties, family gatherings, or just for keeping your fridge stocked with a healthier soda alternative.",0,0,0,0,2
0,"the taste is authentic, the process is fun and easy, and the result is always deliciously satisfying.",1,0,0,0,2
0,"highly recommend for soda lovers looking for a convenient, sugar-free option!",1,0,0,0,2
1,me and my sister bought this because we were spending a lot of money on soda for a family of 4. i came across this pack on amazon.,0,0,0,0,1
1,everywhere else in the major stores that sell sodastream products cost way much more!,0,1,0,0,2
1,this pack saved us a lot of money on soda and lasted us 3 months of making liters daily.,0,1,0,0,2
1,the flavors are a greta choice for dark and clear soda lovers.,1,0,0,0,2
1,i usually use half way of the measure cup with 4 pumps of c02 for optimum accuracy of authentic flavor.,1,0,0,0,1
1,"theones for soda stream with real sugar are really expensive i will say after research.overall,",0,1,0,0,0
1,i reccommend this set to save money by stocking up or if you have a large family of soda lovers.,0,1,0,0,1
0,love that i can have these at home and not be wasteful!,0,0,0,0,2
0,it is not being able to have a zero sugar soda without having to worry about buy them in a grocery order and taking up space.,0,0,0,1,1
1,the first thing i noticed after mixing this according to the instructions was to grab the bottle and take a second look.,0,0,0,0,1
1,i was certain i had ordered regular pepsi not diet pepsi.,0,0,0,0,1
1,"and, i was right, it didn't say ""diet pepsi"", yet why did it have that weird aftertaste like diet sweeteners that almost makes your eyeballs hurt?",1,0,0,0,0
1,"sure enough, after i looked at the ingredients, i found the culprit.",1,0,0,0,0
1,i've been to restaurants and ordered a fountain pepsi that had the same flavor a few times.,1,0,0,0,1
1,"not all the time,",0,0,0,0,1
1,"every once in a while, i get one where i have to send it back.",0,0,0,0,0
1,you can usually tell by the amount of foamy/fizzy .,0,0,0,0,1
1,"diet pepsi foams much less than regular, which causes it to look darker in the cup.",1,0,0,0,1
1,my guess is that some cheaper formula syrup is marketed by pepsi for those places because it's just cheaper to produce with replacing some of the sugar with sucralose.,0,1,0,0,1
1,"i'm also guessing that just enough people don't notice it or care about the artificial taste that they can get away with it.depending on the specific drink or food, i might not notice it as much,",1,0,0,0,0
1,"it's still there -- so that didn't mask it.i had read that adding salt to coffee will reduce the bitterness -- and that does work for coffee.but the sucralose isn't so much a bitter taste as an acrid or ""false"" taste sensation that i can detect.",1,0,0,0,1
1,"because i had bought the 4-pack and didn't want to waste it, i tried adding all of these:torani cinnamon syruplemon juicecherry flavoringsalttorani salted caramel syrup - (the worst, btw).",0,0,0,0,1
1,"nothing worked to offset the taste.there aren't any other pepsi-brand options that are made for the smaller home soda-machines, unless you want to by a 3-gallon box of syrup for about $150 that is made for restaurants and way overpricedi'm almost tempted to buy it,",1,0,0,0,0
1,then what if it's the same nasty sucralose formula as this product?,0,0,0,0,1
1,"i'd be out $150 and have 3 gallons of syrup to dump.the bottle says ""special soda stream only formula"" -- which means ""we cut corners on this to save a few bucks and cut down on the shipping weight.",0,0,0,0,1
1,"""this is a terrible excuse for the regular pepsi formula.",1,0,0,0,0
1,then you'd still have the sugar.,0,0,0,0,0
1,"if you don't have sensitive taste-buds, then maybe this would be okay for you.",1,0,0,0,1
1,"if you don't like the nasty aftertaste of sucralose, then stay away from this.",1,0,0,0,1
1,"there are others that might not be exactly pepsi,",0,0,0,0,0
1,pepsi-with-splenda is worse than any other cola that doesn't use artificial sweeteners.,1,0,0,0,0
1,i'll be checking the ingredients when i buy pre-made syrups.,0,0,0,0,1
1,"i don't like diet pepsi even though i have friends who say, ""you get used to it.""",1,0,0,0,0
1,so i hate diet sodas because of the after taste.,1,0,0,0,0
1,i can't even drink coke zero.,1,0,0,0,0
1,"when i first had this, i've only had it for two day, i did not like it.",0,0,0,0,0
1,"doing the math the price i bought this at is less than 1/4 the cost of pepsi in the stores, it makes less waste, and i don't need to go to the store just to buy soda when i want to watch a movie",0,1,0,0,0
1,if you put in the syrup before carbonating the carbonation is stronger.,1,0,0,0,2
1,"overall i think it is well worth it, it's cheaper, more convenient, at ton less waste, basically saving 4 two liter bottles and a one liter bottle.",0,1,0,0,2
0,i purchased a sodastream at my church's garage sale and tried to use it.,0,0,0,0,1
0,i definitely did not like the taste of the drink flavors that came with it.,1,0,0,0,0
0,then i went to my niece's house and they had the pepsi mix.,0,0,0,0,1
0,so i ordered some of my own and now make my own soft drink.,0,0,0,0,1
0,will be ordering again when this supply runs out.,1,0,0,0,2
1,"i purchased an ultima cosa carbonating package a couple of months back, trying to cut my soda costs, and eliminate my aspartame intake as much as possible.",0,0,0,0,1
1,"i initially bought sodastream diet cola mix, which was pretty good, then tried this 4 pack of diet pepsi mix.4.5 stars, it has diet pepsi taste, maybe a little less carbonation than factory-made soda,",1,0,0,0,2
1,"i like the experience so far, so i expect i'll order more, maybe even subscribe after i get a baseline, which saves a few cents per bottle on orders.",0,1,0,0,1
0,very expensive for what you get.,0,1,0,0,0
1,"very close to original, much better than starry zero.",1,0,0,0,2
1,pricing better than ome.,0,1,0,0,2
0,have a harder time staying carbonated compared to ones we bought at the grocery store.,0,0,0,0,1
0,"i have no clue why.if you mind your drinks being more ""flat"" than usual, then you'll be left wanting.",1,0,0,0,0
0,i'm fine with it,0,0,0,0,1
0,my husband won't drink them.,0,0,0,0,1
1,helping to reduce plastic waste.,0,0,1,0,2
1,i get the best deal here on amazon too!,0,1,0,0,2
0,it's good i like it easy to make switched cuz grocery store no longer had four for $5 2 l.,0,0,0,1,2
1,slightly less flavor than you get in the companydirect sodas.,1,0,0,0,0
1,i add a splash of cherry concentrateto give added zest.,1,0,0,0,2
0,only the taste is off a little bit.,1,0,0,0,0
0,worth buying.,0,0,0,0,2
1,actually tastes like a pepsi zero.,1,0,0,0,1
0,i bought the soda stream when i saw this available.,0,0,0,1,2
0,it lists sugar as the main ingredient,0,0,0,0,1
0,it tastes a lot like artificial sweetener and a little flat regardless of the amount of bubbles.,1,0,0,0,1
0,i tried the grape and lemon lime that came with it and they taste like the flavored water you purchase.,1,0,0,0,1
0,disappointed with the pepsi flavor.,1,0,0,0,0
0,if you're open to a little twist on the flavor it's ok.,1,0,0,0,1
1,definitively would buy it again.,0,0,0,0,2
0,it’s just like 7up.,1,0,0,0,1
1,read the instructions on the side of the syrup bottle.,0,0,0,0,1
0,"i don't have a soda stream, i have something similar from another company",1,0,0,0,0
0,they don't sell soda syrups.,0,0,0,1,0
0,i much prefer the taste of fountain drinks to canned or bottled.,1,0,1,0,2
0,these are simple to use and it's easy to measure the correct amount since it has a 'fill line' in the cap.,0,0,1,0,2
0,taste more like rc cola than pepsi,1,0,0,0,1
0,it’s good especially for the price and ability to make it the way o want to.,0,1,0,0,2
1,"looks, like and tastes like diet pepsi that's what i expected so what more can i say?",1,0,0,0,1
0,"i also love that a little goes a long way, making it cost-effective.",0,1,0,0,2
0,it goes a long way and definitely saves money.,0,1,0,0,2
1,"we still find our self for convenience, sake buying cans and either bottles.",0,1,0,0,2
1,"however, this is nice for when we run out and still want a soda.",0,0,0,0,2
0,i do like a good soda once in awhile.,1,0,0,0,2
0,otherwise it fires the synapses.,0,0,0,0,1
0,we bought our son a soda stream for his birthday and we’re so excited to find they make a pepsi one!,1,0,0,0,2
1,the taste is slightly off no matter what i do in terms of mixing it.,1,0,0,0,0
1,not the same as getting it out of a bottle.,1,0,0,0,0
0,a little off.,1,0,0,0,0
0,afficionados won't like it.,0,0,0,0,0
0,i thought this was a great deal.,0,1,0,0,2
0,4 bottles for a set price.,0,1,0,0,2
0,we are giving the sodastream another try.thanks.,0,0,0,0,1
0,perfect alternative that saves money.,0,1,0,0,1
1,soda stream.,0,0,0,0,1
0,real pepsi taste no compromise in taste.,1,0,0,0,2
0,it is so easy to use and saves us money and time.,0,1,1,0,2
1,you just have to get the correct measure.,0,0,0,0,1
0,"i've adjusted the syrup to the exact taste that i like,",1,0,0,0,2
0,i cannot get the right carbonation.,1,0,0,0,1
0,the directions recommend 5 pumps.,1,0,0,0,1
0,i'm up to 15 pumps on a new canister!,1,0,0,0,2
0,"i recently bought 1/2 liters to see if it would retain the carbonation, and it helps.",1,0,0,0,1
0,not sure how to make the carbonation last longer.,1,0,0,0,1
0,i bought this to save on sodas and to save on disposing plastic.,0,0,1,0,2
0,"as of now, i will keep it a 4-star rating.i'm also looking for cheaper alternatives to non-caffeinated syrups for evening drinks.",0,1,0,0,2
0,"initially, i was skeptical,",0,0,0,0,1
0,"following the instructions for measuring out the syrup is key, as i learned from my first enthusiastic attempt.",0,0,0,0,1
0,the dopamine rush from going a bit overboard the first time has only piqued my interest even more.,0,0,0,1,1
1,i find 28oz of water heavy fizz with mix up to the first lines works best.,1,0,0,0,1
1,"middle line like the instructions say is too sweet, it’s too much.",1,0,0,0,1
1,i ordered again when there was a sale and received a spoiled batch which wasn’t even close to the expiration date on the bottles.,0,0,0,1,0
1,called soda stream and they sent me a replacement fast.,0,0,0,1,2
0,it taste like half diet pepsi.,1,0,0,0,1
0,not sure why they put sucroslose in it!,0,0,0,0,1
1,"the lemon lime flavor is absolutely disgusting, just a terrible after taste.",1,0,0,0,0
1,"i drink a lot of soda, it's my guilty pleasure.",1,0,0,0,2
1,with the cost of groceries and recycling all those 2 liter bottles i thought this might be a good option.,0,1,0,0,2
1,"never cared much for the sodastream ""cola"" flavor so gave this a shot.",0,0,0,0,1
1,"i had 2 liters already of pepsi zero, poured over ice then made some of this in my sodastream and poured that over ice.",0,0,0,0,1
1,"mind you, some of you may have different preferences",0,0,0,0,1
1,"i'm happy to have less waste, save money and still get my soda fix!",0,1,0,0,2
1,added cinnamon sugarsaved the plastic bottles for camping.,1,0,0,0,2
0,of course you have to have a soda stream or some form of carbonated water and something is just a tad off about the taste.,1,0,0,0,2
1,"there's a slight aftertaste that's different from the real thing,",1,0,0,0,1
1,"making it at home, kids don't notice it and think it's homemade pepsi and starry.",1,0,0,0,1
0,the product came quickly.,0,0,0,1,2
0,and at a good price.,0,1,0,0,2
0,i'm not 100% sure why there is aspartame in them when they are not diet,1,0,0,0,0
0,majority of soda stream products seem to have this.,0,0,0,0,1
0,could be why the starry wasn't so good.,0,0,0,0,0
0,"not the starry, however for someone who has not tried either flavor this is a great package to try out.",1,0,0,0,2
1,it lacks the acidity and it’s way sweeter and more strongly flavored than the canned/bottled stuff.,1,0,0,0,2
1,i’ve found that a bit less than halfway between the lines for half a liter and less sweet liter is the sweet spot.,1,0,0,0,1
0,a little to much or to little makes a big difference.,0,0,0,0,1
1,first off - i am a big fan of my sodastream!,1,0,0,0,2
1,i have been using it for a little over a year.,1,0,0,0,2
1,"i have never purchased soda flavored addictive before, so these were new to me.",1,0,0,0,1
1,"as someone who drinks 2 pepsis a day, i figured i would give this a try.",0,0,0,0,1
1,there is definitely a flavor difference between using the concentrate and canned/bottled pepsi.,1,0,0,0,2
1,"the difference is enough to know,",0,0,0,0,1
1,it's not that it tastes bad.,1,0,0,0,0
1,"i won't purchase again,",0,0,0,1,0
0,i will drink coke in a pinch,1,0,0,0,2
0,"with things starting to cost more than the national debt, we are looking for ways tocut the costs.",0,1,0,0,0
0,pepsi bought soda stream some time back,0,0,0,0,1
0,had only sold the soda stream pepsi to othercountries with the promise to sell in the us.,0,0,0,1,1
0,"so, the pepsi comes in pretty much stock soda stream containers, only pepsi has packaged themin clear plastic rather than the normal white containers.",0,0,1,0,1
0,i think the measure is one portion of syrup to 6 portions of seltzer water.,1,0,0,0,1
0,"i keep changing the portions, trying to get the same taste i get from the cans, almost got it",1,0,0,0,1
0,quality seems the same as other soda stream system syrups.,1,0,0,0,1
0,exactly as described.,0,0,0,0,2
0,very happy that pepsi has finally come out with the syrup version for soda stream.recommended.,1,0,0,0,2
1,these seem a bit off.,1,0,0,0,0
1,there is a sort of sharpness to the smell and the taste is just a tiny bit off.,1,0,0,0,0
1,"it's still drinkable and it's not making me sick or anything,",1,0,0,0,1
1,it definitely does not taste at all like a real pepsi.,1,0,0,0,0
1,"and i don't mean that i have too much or not enough as it tastes off, not weak or strong.",1,0,0,0,1
1,a slight hint of a sourness or something.,1,0,0,0,1
1,still kind of ok if cold enough not actually bad,1,0,0,0,1
1,"only just barely ok-ish, not actually good.it is possible that these were just stored badly or something.",1,0,0,0,1
1,"unfortunately, this is a four pack, so even if i was inclined to keep buying more to try i wouldn't be doing so for a (hopefully i can get more dr. pete by then though instead.)",0,0,0,0,1
1,"still, i consider this to be an accurate thing to bear in mind even if so because that means it's going to be like this in many batches.",0,0,0,0,1
0,i gave up colas a back and just used my sodastream for sparkling water with lemon or lime crystals.,0,0,0,0,1
0,then i ran across the pepsi and coke zeros and that old itch had to be scratched all over again.,0,0,0,0,1
0,"a little experimentation will land you in that ""sweet spot"" as it were.as to price though, that depends on who the seller is.",0,1,0,0,1
0,a little,0,0,0,0,1
0,"ago the supply on amazon got tight, and some sellers jumped on the opportunity to pump their margins.",0,1,0,1,0
0,"i didn't mind that much, i just voted with my wallet and waited for the supply chain to refresh, so word to the wise, look at your seller options and don't just bang that ""buy"" button without a look.",0,0,0,1,1
1,i was a good price.,0,1,0,0,2
0,my husband can't tell the difference.,0,0,0,0,1
0,in my area a 2lt bottle of pepsi zero is $2.,0,1,0,0,1
0,buying these on subscribe and save it will work out to .47 cents per liter.,0,1,0,0,1
0,"you do have to factor in the cost of co2,",0,0,0,0,1
0,"we have bulk tanks, so that is cheaper also.",0,1,0,0,2
1,tastes the same as buying anywhere else.,1,0,0,0,2
1,i’ve tried other cola concentrates.,0,0,0,0,1
0,"i recently purchased a new sodastream for the family christmas gift, and picked up the pepsi mix for my kids and their friends.",0,0,0,0,1
0,"i regularly host game nights every other weekend, and was spending a lot on beverages for the party.",0,1,0,0,1
0,"so, i was looking for a way to reduce cost",0,1,0,0,0
0,still providing the drinks they like.,0,0,0,1,1
1,as advertised.,0,0,0,1,2
1,it is not exactly what i was hoping for.,0,0,0,0,0
1,"once i saw this, i was super excited because i know a lot of the coca-cola brands got removed long ago.",0,0,1,0,2
1,so i was very excited to see a name brand therapy.,0,0,0,0,2
1,it doesn’t exactly taste like it.,1,0,0,0,0
1,"it still has that typical soda stream type flavor.although it’s not exactly what i wanted, it is still better than most of the other flavors you can buy for the soda stream.",1,0,0,0,2
0,"when covid-19 hit and started causing all the supply chain issues and shortages, we pretty much stopped using it, plus at that time the diet cola flavor wasn't that great.",1,0,1,0,0
0,roll forward to better times now and they actually have diet pepsi flavor.,1,0,0,0,2
0,"i don't think it's as great as diet pepsi from a can, it's a great alternative and practical to boot since we've got the machine and co2 again.",1,0,0,0,2
0,"i play around with the syrup level as i haven't quite nailed the best ratio yet,",1,0,0,0,1
0,"i did make this purchase solely because it was a prime event special pricing and will shop the price for my next purchases,",0,1,0,0,2
1,"when mixed as directed this tastes just like diet pepsi as it should, i assume the syrup is the same.",1,0,0,0,1
1,one caveat has more to do with sodastream in general- the measuring line.,0,0,0,0,1
1,why do they put three different lines on the top cap?,0,0,1,0,1
1,it says to use the middle line explicitly,0,0,0,0,1
1,for some reason that line is the faintest to see.,0,0,1,0,1
0,the starry flavor is close to the commercial product.,1,0,0,0,0
0,"easy to use,",1,0,0,0,2
0,the fill mark in the bottle cap could be better for the proper amount to use.,0,0,1,0,2
0,"if this was just sold as a cola, i would rate it higher,",0,0,1,0,2
0,this stuff is sweetened with both sugar and a substitute.,1,0,0,0,0
0,"it just doesn’t taste like pepsi, and i can’t believe they are letting sodastream use their name for this product.",1,0,0,0,0
1,i got the pack with the regulars pepsi and starry.,0,0,0,0,1
1,haven't tried the starry and i haven't had store bought so i can't compare.,0,0,0,0,1
1,like all the soda stream syrups it give way to the artificial sweetener after taste.,1,0,0,0,0
1,"unfortunately for me, i can taste an artificial sweetener a mile away and they all leave a chemically bitter aftertaste.",1,0,0,0,0
1,which is why my sodastream was relegated to just making club soda until i saw they had pepsi.,0,0,0,0,0
1,"all the syrups are gross to me, like i just chewed a flavored alka-seltzer.the pepsi is no different.",1,0,0,0,0
1,the regular pepsi still has sucralose in it.,1,0,0,0,0
1,why?,0,0,0,0,1
1,no idea.,0,0,0,0,1
1,the first ingredient is still sugar.,1,0,0,0,0
1,"for those of us that can taste it and don't like it, you'll be disappointed after you swallow it.",1,0,0,0,0
0,the use by date is a year away.,0,0,1,0,1
1,dew next.,0,0,0,0,1
1,it is not traditional pepsi.,1,0,0,0,0
0,i say these and thought it was a perfect match for me.i mixed it just like i normally do the cola flavor and it tastes a little bit like pepsi.,1,0,0,0,2
0,certainly not a perfect match.,0,0,0,0,0
0,my issue is in more of the price.,0,1,0,0,0
0,i don't think the aaditional cost between this and the normal cola is warranted.,0,1,0,0,0
0,"it's not demonstrively that much better or worth it in my opinion.if you like the normal cola flavor, stick with that.",1,1,0,0,0
0,you won't be missing anything.,0,0,0,0,2
0,saves time and is more eco friendly than single serve bottles or cans.,0,0,1,0,2
0,easy to have on reorder.,0,0,0,1,2
1,all the zero-cal pepsi i want with none of the plastic or aluminum waste.,0,0,1,0,2
1,"unfortunately, the syrup has a diet aftertaste.",1,0,0,0,0
1,"even then, it doesn’t taste like regular starry.",1,0,0,0,0
1,using less syrup than what is recommended and the max level carbonation makes it more enjoyable.,1,0,0,0,2
1,otherwise i don’t plan on purchasing more of this flavor.,0,0,0,0,2
1,"editi tried using the lowest (first line) measurement of the syrup, and the results were much better.",1,0,0,0,2
1,it’s still not regular starry.,1,0,0,0,0
1,"has a slight aftertaste from the artificial sweetener,",1,0,0,0,0
1,"try this, or even less syrup, if you are disappointed in the taste.",1,0,0,0,0
1,i added a star back to the rating.,0,0,0,0,2
0,we're able to make our own soda as we need it.,0,0,0,0,1
0,eliminates having cans in the fridge taking up space.,0,0,1,0,2
1,i find no real difference between the regular pepsi syrup and the regular soda stream cola syrup.,1,0,0,0,0
1,it affects the taste greatly.,1,0,0,0,0
1,this is for others who might be curious about trying the “pepsi“ labeled soda stream syrup.,1,0,0,0,0
1,it’s not worth the extra dollar per bottle.,0,1,0,0,0
0,"then, once it cooled, cold water was added and refrigerated.",0,0,0,0,1
0,i really wish that the zero sugar product was available because it is extremely sweet.,1,0,0,0,0
0,"however, i simply add equal parts of water to it and it's just fine.",0,0,0,0,1
1,"would be to reduce the sweeteners in it and increase the carbonation, please!",1,0,0,0,0
0,i will buy this until it’s not solid anymore.,0,0,0,0,2
1,not to my taste.,1,0,0,0,0
1,this wasn't for me.,0,0,0,0,0
0,"if you’ve ever had coke from a fountain dispenser that is low on carbonation and the mix is set too high and it’s overly sweet, that is what this stuff tastes like.",1,0,0,0,0
0,awful.,0,0,0,0,0
0,i guess this is just a way for them to resell flat over-sweetened stale coke.,1,0,0,0,0
0,drank one half of a can and threw the rest of the cans away.,0,0,0,0,0
0,not even worth the wasted storage space to keep the unused drinks.,0,0,0,0,0
0,add some mild carbonation to berry-flavored cough syrup like vic’s formula 44 and that’s what this tastes like.,1,0,0,0,0
1,coke is coke!decent price.,0,1,0,0,2
1,no need to lug it from the supermarket.,0,0,0,1,1
1,fast shipment.,0,0,0,1,2
0,we all tried it for fun.,0,0,0,0,1
0,"of course, since i was the one who paid for it, i was the one who didn't like it.",0,1,0,0,0
0,would not buy it again.,0,0,0,0,0
0,back to real coke original for me.,1,0,0,0,0
0,"one person absolutely loves it, and says she will be buying this for home from now on.",0,0,0,0,2
0,"it has a raspberry taste, which to me seems artificial,",1,0,0,0,0
0,"to me, it's too sweet and doesn't have the sharp bite regular coke has.",1,0,0,0,0
0,it might appeal more to pepsi drinkers who like cola sweeter than us devoted coke drinkers.,1,0,0,0,0
1,i don't know if i'll buy it again.,0,0,0,0,1
0,i was shocked at the taste,1,0,0,0,1
1,"i was skeptical after reading the mixed reviews,",0,0,0,0,1
1,thought i'd be adventurous and give it a try.,0,0,0,0,1
1,we'll very likely be buying this again.,0,0,0,0,2
0,our grocery stores where i'm located do not carry the spice coke as of this writing so i ordered from amazon.,0,0,0,1,2
0,it's all a matter of taste preference in each individual,0,0,0,0,2
0,this was not for me.,0,0,0,0,0
0,the carbonation on the spice coke seemed a bit weak to me and it was a bit too sweet.,1,0,0,0,0
0,there's a somewhat after taste i'm don't care for.,1,0,0,0,2
0,the price of $6.34 from the seller is a very good price.,0,1,0,0,2
0,it was delivered via ups in 2 days as promised by amazon and packaged well.,0,0,1,1,2
0,has an identity now.,0,0,0,0,1
1,was looking forward to these,0,0,0,0,2
1,it does taste like cherry medicine and the aftertaste is not good.,1,0,0,0,0
1,should’ve read the reviews.,0,0,0,0,0
0,"sadly, the raspberry flavor overshadows the spice.",1,0,0,0,0
0,"in fact, this should just be called ""raspberry coke"".",1,0,0,0,0
1,not for sippin.,0,0,0,0,1
0,the took coke and added..nasty smelling and tasting perfume.,1,0,0,0,0
0,gross .,0,0,0,0,1
1,i tasted and tossed it.,1,0,0,0,0
1,wasn’t worth the wait!,0,0,0,0,0
0,it was awful.,0,0,0,0,0
1,"i don't drink a lot of soda, so i appreciate these smaller cans.",0,0,1,0,2
1,i found it to be a little too syrupy for my taste.,1,0,0,0,2
1,i haven't had the occasion to try that yet.,0,0,0,0,1
0,this flavor is pretty polarizing.,1,0,0,0,0
0,"i haven’t seen anything positive about it on social media,",0,0,0,0,2
0," i go to the store and it’s always fully stocked,",0,0,0,1,2
0,i think some people taste a strong coughsyrup flavor that really turns them off of this.,1,0,0,0,0
0,it also kind of tastes flat in a way.,1,0,0,0,0
0,i’m not crazy about it,0,0,0,0,1
0,where i’m tempted to complain is about how much product you get for the price.,0,1,0,0,0
0,i found that i might actually prefer these smaller cans as i can finish a drink,0,0,1,0,2
0,"it’s still cold,",0,0,0,0,2
0,the price is way too expensive.,0,1,0,0,0
1,"it has a similar blend of flavors, with a slight hint of cinnamon and other spices.",1,0,0,0,2
1,"however, for me, it felt like i was just drinking a cheaper less carbonated version of dr. pepper.",1,0,0,0,0
1,i was quite disappointed.,0,0,0,0,0
1,it tasted more like cough medicine than anything else.,1,0,0,0,0
1,"however, the worst part was the aftertaste - it was reminiscent of prune juice and very unpleasant.",1,0,0,0,0
1,i definitely did not enjoy the drink at all.,0,0,0,0,0
1,the high sugar content was also a major drawback for me.,1,0,0,0,0
1,"instead, i will stick to my preferred choice of infused water with my enchanter pitcher, which not only tastes better",0,0,0,0,1
1,is also better for my health.,0,0,0,0,2
1,i am not a fan of overly sweet or artificial-tasting drinks.,1,0,0,0,0
1,that's why i usually opt for water or lightly flavored beverages.,0,0,0,0,1
1,"however, when i do want to indulge, i prefer drinks that have natural ingredients and a more subtle taste.",1,0,0,0,0
1,"unfortunately, this soda did not meet my standards.",0,0,0,0,0
0,lukewarm it gives the strangest aftertaste like cough medicine.,1,0,0,0,1
1,cans were new and fresh,0,0,1,0,2
1,the spiced part of it throws me off a bit just not a fan.,1,0,0,0,0
1,"i don't like sodas from certain drs, ",0,0,0,0,0
1,"so was not sure how i would like this, and it just didn't hit the mark.",0,0,0,0,0
1,"seems to be rather polarizing, love it or hate it.",0,0,0,0,1
1,i hated.,0,0,0,0,0
0,"if you've ever got a fountain pop and had various flavor adders where one of them was raspberry,",1,0,0,0,1
0,pronounced candy like fake raspberry flavor.,1,0,0,0,0
0,"it says spiced,",1,0,0,0,0
0,not for everybody,0,0,0,0,0
1,"we are sugar conscious here and each mini can contains about 50 grams, including the added amount.",1,0,0,0,0
1,"that's a problem for us, so we drink them less often.",0,0,0,0,0
0,"i wanted to like this, however the flavor profile to me is not enjoyable.",1,0,0,0,0
0,i get a strong raspberry scent,1,0,0,0,0
0,less berry flavor.,1,0,0,0,0
0,taste was kind of medicinal.,1,0,0,0,0
1,"i haven't drunk coke in a while, so i took a poll on this new flavor.",0,0,0,0,1
1,i like that the cans are mini sized.,0,0,1,0,2
1,it's helpful for portion control.,0,0,0,0,2
1,there's enough in this can to satisfy without having to go overboard.,1,0,0,0,2
0,"upon opening a nice cold of this spiced cola, i got a good whiff of the ""spice"".",1,0,0,0,2
0,i love the little smaller cans.,0,0,1,0,2
1,the small cans of coke are great because sometimes i do not want to drink too much sugar.,0,0,1,0,2
1,the smaller amount of soda allows me to get my fix without going overboard.,0,0,1,0,2
1,this box of 10 tiny cans are good for trying to cut back your soda intake and mixers depending on what the vibe is you're going for.,0,0,1,0,2
0,easy to store,0,0,1,0,2
0,convenient,0,0,0,0,2
0,good size,0,0,1,0,2
0,came well packed,0,0,0,1,2
1,"i prefer to drink either the glass bottled (with cane sugar) or canned version of coke, as they just tastes slightly better and fresher to me,",1,0,0,0,2
1,"i don’t mind drinking the plastic bottle of these “coca-cola soda soft drink, 16.9 fl oz, 6 pack,” once in a while, especially, for the price, which is very reasonable.",0,1,1,0,2
1,i love a glass of coke to go with certain dishes like pizzas and hamburgers as they enhances the taste of pizza and hamburgers in my opinion.,1,0,0,0,2
1,"at the time of purchase, the price for these was great (better than the store).",0,1,0,0,2
0,"the bottles fit easily into the refrigerator, and are easy to take along fishing or picnics too.",0,0,1,0,2
0,they do not break if dropped and are reusable.,0,0,1,0,2
0,i bought it for $3.98 because that was a great price,0,1,0,0,2
1,great price.,0,1,0,0,2
1,delivered right to door.,0,0,0,1,2
1,never damaged.,0,0,0,1,2
1,"was surprised that bottles had not leaked, each and every bottle had been ripped from the plastic holders, i have no idea how that could have happened every one was separated.",0,0,0,0,1
0,"i am so glad, you all finally reduced the price, and allowed me to order this product!",0,1,0,1,2
0,and the price is right thanks!,0,1,0,0,2
0,i like the price.,0,1,0,0,2
0,i like bottled coca-cola better than canned soda pop.,0,0,1,0,2
0,bottled soda pop doesn't lose their fizz.,0,0,1,0,2
1,fast ship.,0,0,0,1,2
0,good price and delivered well.,0,1,0,1,2
1,i buy products like wal mart pop tastes flat sometimes i think in warehouse too long,1,0,0,0,0
0,it's worth the price.,0,1,0,0,2
1,arrived in good condition.,0,0,0,1,2
1,"convient, delivered to my doir.",0,0,0,1,2
0,"great price, and arrived the next day.",0,1,0,1,2
1,the price is unbelievable.,0,1,0,0,1
0,great packing great price.,0,1,0,1,2
0,like the liter size for family of 2-3.. decent sale price.,0,1,1,0,2
1,great into price on this 6 pak as well.,0,1,0,0,2
0,items came without any problem.,0,0,0,1,2
0,great comfort food yo have delivered to the house!,0,0,0,1,2
0,no damage to the pop.,0,0,0,1,2
0,i snagged this at a good price.,0,1,0,0,2
0,cheaper than the stores.,0,1,0,0,2
1,normally you pay an arm and a leg for delivery of liquids.,0,1,0,0,2
1,this is very reasonably priced with free delivery.,0,1,0,0,2
1,good price free shipping for prime.,0,1,0,1,2
0,yes its great to deliver to your doorstep.,0,0,0,1,2
1,sad that these are getting more expensive,0,1,0,0,0
0,never got any because i couldn’t find it my town!,0,0,0,0,1
1,plus it’s delivered to the porch.,0,0,0,1,1
1,im happy with it .,0,0,0,0,2
0,i suggest trying coke in a bottle.,0,0,1,0,2
1,these came fast.,0,0,0,1,2
1,"if you do the math, you will see that you are getting each drink for much less than you would pay at a retail outlet in a city.",0,0,0,1,2
1,i live in charleston s.c. and it is very expensive here.,0,1,0,0,0
1,a 16 ounce coke here goes for about $2.00.,0,1,0,0,1
1,"with amazon prime, you save on shipping costs and get your product faster.",0,0,0,1,2
1,i highly recommend this product from this seller.,0,0,0,0,2
1,they know customer service!,0,0,0,1,2
1,"it actually is recyclable, at least in my community!",0,0,1,0,2
0,"6 pack came intact, at a great price and right to my door.",0,0,0,1,2
0,the color of the soda was a bit off-putting.,1,0,0,0,0
0,It had an unnaturally vibrant orange hue that didn't align with the natural appearance one would expect from an orange-flavored beverage.,1,0,0,0,0
0,"I would not recommend it to those seeking a genuinely refreshing orange soda, carbonation.",0,0,0,0,0
0,as there are better options available on the market without the overpowering artificial taste and unpleasant,1,0,0,0,0
1,Only half had any soda and were dented.,0,0,0,1,0
1,Was concerned when I checked the bottom of the can and did not see a date?,0,0,1,0,0
0,The box that it came in was open on both sides the soda water box was also open with the cans falling out in the big box I don’t like that at all.,0,0,0,1,0
0,Cans were disfigured and leaking.,0,0,0,1,0
0,Will not purchase again.,0,0,0,0,0
1,I received the 12 pack of Sunkist soda.,0,0,0,0,1
1,I would like a refund or fresh replacement sodas.,0,1,0,0,0
0,The media could not be loaded.,0,0,0,0,0
0,My sodas came damaged,0,0,0,1,0
1,Soda box was open and a can of pop exploded when i opened up box,0,0,0,1,0
0,Advertisement states 24 cans and only 12 cans delivered.,0,0,0,1,0
0,I have a screenshot,0,0,0,0,1
0,was not able to add.,0,0,0,0,0
1,Not what was promised in post.,0,0,0,1,0
1,It clearly states 24 packs of pop not 12!,0,0,0,1,0
0,Description said it was 24 pk.,0,0,0,1,0
0,received a 12 pack.,0,0,0,0,1
1,"It says 24 cans, I got a 12 pack.",0,0,0,1,0
0,The pack of sodas arrived open with orange soda everywhere.,1,0,0,0,1
1,Item says 24 cans it’s only a 12 pack!,0,0,1,0,0
0,Mostly disappointment in looking forward to the drink.,1,0,0,0,0
1,The soda was fine.,1,0,0,0,1
1,4 cans exploded and all the others where dented.,0,0,0,1,0
1,And no returns.,0,1,0,0,0
1,My mail was all ruined!,0,0,0,0,0
1,Damaged,0,0,1,1,0
1,Product was damaged,0,0,1,1,0
1,I've ordered these a few times and I've always received damaged cans in the pack.,0,0,0,1,0
0,It came and it was completely destroyed and when i tried to get a refund i was denied and it wouldn’t let me get a replacement or anything.,0,0,0,1,0
1,It took a long long time and I still did not get it,0,0,0,1,0
1,i loved it when I bought it so I tried to get it and could not get it that's the only reason why I gave it a one star because I did not get it,0,0,0,0,2
1,"The cans were all dented, few cans had to be opened with a nail punch as pop top was broken.",0,0,0,1,0
0,"I never get the quantity requested, packaging of product NOT intact, and neither are cans.",0,0,0,1,0
0,exterior packaging is OK,0,0,0,1,2
0,damaged prior.,0,0,0,1,0
0,It is usable.,0,0,0,0,2
1,Don't wast your money.,0,1,0,0,0
1,get the zero sugar kind.,1,0,0,0,1
0,One of the cans was punctured and leaked everywhere.,0,0,0,1,0
1,All the sodas was spilled out,0,0,0,0,0
0,The cans were in a trash bag loose.,0,0,0,0,1
0,Some were damaged and leaking.,0,0,0,1,0
0,Giant bag of stickiness.,0,0,0,0,1
0,Not good.,0,0,0,0,0
1,Bottom of box must have opened and driver dropped case.,0,0,0,1,0
1,"Missing cans, busted cans and box all messed up.",0,0,0,1,0
1,Driver put remaining cans from package in box and closed box.,0,0,0,1,1
1,Very disappointing.,0,0,0,0,0
1,Can’t request a refund due to can’t return what wasn’t fully delivered.,0,0,0,1,0
0,"I don't know if it's just that this product was so old when it came,",0,0,0,0,1
1,Can't stand the pop up was damage upon arrival.,0,0,0,1,0
1,Several cans damage on the bottom.,0,0,0,1,0
1,And 1 can was pierced and leaked in the original box.,0,0,0,1,0
0,Gave me a headache.,0,0,0,0,0
0,Horrible experience.,0,0,0,0,0
0,Won't ever buy this again.,0,0,0,0,0
1,"I don't know what A&W changed when this product went from ""diet"" to the ever-so-trendy ""zero sugar"",",0,0,0,0,1
1,PLEASE change it BACK!!,0,0,0,0,1
1,Now I read a lot of reviews and I know that many are written in the heat of the moment.,0,0,0,0,1
1,I've tried 6 cans over several days so far in case of a one time problem - they all taste the same.,1,0,0,0,1
1,I had high hopes for A&W zero sugar cream soda because the zero sugar root beer is quite good.,1,0,0,0,2
1,Hopes dashed.,0,0,0,0,0
0,Zero stars.,0,0,0,0,0
0,I want a refund immediately,0,1,0,0,0
1,"Waited over three weeks, and six cans burst soaking the box.",0,0,0,1,0
0,Pop was n ditch across from my house n 3 cans of soda were busted,0,0,0,1,0
1,"Damaged product, mostly unusable, no way to return, refund, or replace.",0,0,0,1,0
0,Did I get a bad batch?,0,0,0,1,0
0,I ordered the Zero Sugar Cream Soda.,1,0,0,0,1
0,this is by far the worst!,0,0,0,0,0
1,It does not help that it is the same dark yellow color of badly dehydrated urine.,0,0,1,0,0
0,First 12 pack arrived and ate out of 10 cans were flat and dented.,0,0,0,1,0
0,The second 12 pack arrived with eight cans that were dented,0,0,0,1,0
0,would not stand up without putting it in the glass,0,0,1,0,0
0,I’ve been drinking this for years.,0,0,0,0,1
0,The recent bad reviews are all correct.,0,0,0,0,0
0,It’s a bad product and they sell it anyway.,1,0,0,0,0
0,Save your money.,0,1,0,0,1
0,I got a refund,0,1,0,0,0
0,you can’t return it.,0,0,0,0,0
0,Don’t risk it.,0,0,0,0,1
1,"Only received 12 of the 24 Rootbeers from this order, quite disappointed in only getting half.",0,0,0,1,0
1,It would be great to get the other half of this shipment...,0,0,0,0,1
1,"Update,would not assist in sending the completed order.terrible service provided",0,0,0,1,0
0,Ripped boxes and leaking cans,0,0,0,1,0
1,I don’t know what the heck happened to this batch or if it’s been in the shelf forever,0,0,0,0,0
1,this was TERRIBLE.,0,0,0,0,0
1,Possibly defective.,0,0,0,0,0
1,Cannot recommend.,0,0,0,0,0
1,Bad.,0,0,0,0,0
1,Just bad.,0,0,0,0,0
1,Box was open and soda exploded as you can see in photo,0,0,1,0,0
0,product damaged dented cans box tore all up,0,0,0,1,0
1,Says 24 pack,0,0,0,0,1
1,it’s half that.,0,0,0,0,0
1,False advertising.,0,0,0,0,0
1,Plus the boxes were open and several cans were missing.,0,0,0,1,0
1,Waste of money.,0,1,0,0,0
0,3rd time ordering this product...1st time arrived pretty much like this one,0,0,0,1,1
0,"worse..., 2nd delivery not bad...BUT this one Arrived all broken up & dented AGAIN...WHY was this product NOT packaged properly...??",0,0,0,1,0
0,3 cases thrown into a box & left to be thrown about which it was...stuff to keep them in place would have solved this continued problem...please take noteBUT LOVE the product...,0,0,0,1,1
1,I received only a 12 pack of A & W. It was advertised as a 24 pack for 6.98$,0,0,0,0,0
0,Soda is flat,1,0,0,0,0
1,"Box was ripped up, cartons of soda were opened, and the cans were all loose in box.",0,0,0,1,0
0,"Claims ""pack of 24"" a single pack of 12 is what was shipped.",0,0,0,1,1
1,Says pack of 24....then in very small print it says pack of 12..read before u buy.,0,0,1,0,0
0,"Item name states that it is a pack of 24, received a 12 pack.",0,0,1,0,0
1,The description says 24 cans,0,0,1,0,1
1,only received 1 pack of 12.,0,0,1,0,0
0,It said 24 pack,0,0,1,0,1
0,only received the 12 pack,0,0,1,0,0
0,"This was left on my porch in a dusty banged up box, the cans inside were banged up.",0,0,0,1,0
0,They were all flat.,0,0,0,0,0
1,Very late and so damaged only half the soda was still pressurized inside of its cans.,0,0,0,1,0
1,Very disappointing.,0,0,0,0,0
0,Ordered because it said 24 pack.,0,0,1,0,1
0,Not so much.,0,0,0,0,0
0,12 packs,0,0,0,1,1
1,These cans blow up and soda gets everywhere.,0,0,1,0,0
1,I think these are old stock.,0,0,0,1,0
0,Description says (24 pack)It’s a 12 pack,0,0,0,1,1
1,"Advertised as 24, received 12.",0,0,0,1,0
1,"Item is misleading, purchase elsewhere.",0,0,0,1,0
0,Ad says 24 package and I got a 12 pack,0,0,0,1,0
1,Because of certain ingredients I am sorry I spent the money for this choice.,0,1,0,0,0
1,Not again.,0,0,0,0,0
0,Received only 12 instead of 24.,0,0,0,1,0
0,Received 12 ordered 24..wasn't pleased,0,0,0,1,0
1,I got half of what was advertised,0,0,0,1,0
0,order stated 24 pack received 12 pack,0,0,0,1,0
1,the cans never arrive without a can bent or broken.,0,0,0,1,0
1,Damaged leaking box wrapped in plastic by post office Labeled RECEIVED IN DAMAGED CONDITION.,0,0,0,1,0
1,Can't seem to get refund.,0,1,0,0,0
1,Very disappointing.,0,0,0,0,0
0,"Overall yes,",0,0,0,0,2
0,you all need to have your employees check the products before boxing them up to be shipped out to your customers.,0,0,0,1,1
1,Were flat half the time and the others were damaged and undeliverable,0,0,0,0,0
0,Wrong description,0,0,1,0,0
1,disliked misleading description,0,0,1,0,0
0,Soda is flat.,0,0,1,0,0
0,Amazon will not let me return,0,0,0,1,0
1,I ordered A&W zero sugar Crème soda for the first time.,1,0,0,0,1
1,I won’t be ordering again…,0,0,0,0,1
0,Package arrived today late and badly damaged.,0,0,0,1,0
0,"Six cans badly damaged, three cans empty and three can ok.",0,0,0,1,0
1,I want a refund.,0,0,0,0,0
1,The product was damaged!,0,0,0,0,0
0,I have been drinking diet soda for over 31 years.,0,0,0,0,1
1,The cost was extremely high.,0,1,0,0,0
1,I had heard the product has been discontinued.,0,0,0,0,1
0,I just didn't like being sold an 8 pack with claims that it was a 12 pack,0,0,0,0,0
1,I got ripped off.,0,0,0,0,0
1,"My total was around $38 which is outrageous, for one 12 pack",0,1,0,0,0
0,Long delivery.,0,0,0,1,0
0,Box is wet.,0,0,0,1,0
0,it is supposed to be diet cream soda not regular.,1,0,0,0,1
1,"However, it's been nearly impossible to get from amazon.",0,0,0,1,1
1,I am now attempting my third order.,0,0,0,1,1
1,Every other order has been continually delayed until I have finally given up on it.,0,0,0,1,0
1,This latest order showed up as prime,0,0,0,1,1
1,has already been pushed back 2 weeks on shipping from when I ordered it.,0,0,0,1,0
1,"I recommend this product,",0,0,0,0,2
1,"also I recommend purchasing it somewhere else as Amazon, or whoever is actually fulfilling these orders seems unable to get the product to you.",0,0,0,1,0
1,Driver try box on concrete and busted open 6 cans so no not giftable,0,0,0,1,0
0,Mistakenly bought this thinking it was the same one I bought previously for the same price (4x 12-packs).,0,0,0,0,0
0,Something isn’t right.,0,0,0,0,0
0,"I can’t figure out the expiration dates,",0,0,1,0,0
0,maybe they are old?,0,0,0,0,1
0,"I ordered three, as did two of my grown daughters in their own homes.",0,0,0,0,1
0,Allll of us got the same.,0,0,0,0,1
0,I’m so disappointed.,0,0,0,0,0
1,I was so excited to try these because I can’t find a diet cream soda local.,1,0,0,0,1
1,"Also, the packaging wasn’t the greatest.",0,0,1,0,1
1,"Even after having these for over a week, they explode anytime they are opened.",0,0,1,0,0
1,It’s very frustrating and messy!,0,0,0,0,0
0,These cans arrived badly damaged and some of the cans are only 1/3 full somehow.,0,0,0,0,0
0,"I’m not sure what happened or how,",0,0,0,0,0
0,a little disappointed.,0,0,0,0,0
0,Toooooooo expensive!,0,1,0,0,0
1,"It is not right that Amazon and others carry over reviews from one to the other, or that they say only the packaging is different; so you may receive either.",0,0,0,0,1
1,Another great product down the drain!,0,0,0,0,2
0,This has to be a joke.,0,0,0,0,1
0,No way people would give a good rating at this price.,0,0,0,0,1
0,$4 for the same thing in stores here.,0,0,0,0,1
0,JOKE.,0,0,0,0,1
0,This is a JOKE> THIS IS A JOKE,0,0,0,0,0
1,Price is too high,0,1,0,0,0
0,A&W diet root beer NOT a buck a can,0,0,0,0,0
1,not spending $28.00' I am shocked that Amazon would put this up for sale.,0,0,0,0,0
1,I guess if u want it bad enough you will buy it from a third party and pay that price.,0,0,0,0,0
0,"We don’t know if something happened before it got to us,",0,0,0,0,0
0,"Each can was very, well, frankly discusting.",0,0,1,0,0
0,Avoid this at all costs.,0,0,0,0,0
0,Disappointed .,0,0,0,0,0
0,Won’t buy off them again,0,0,0,0,0
1,I was very disappointed.,0,0,0,0,0
1,The case was damaged ani should have known from the box that the sodas would be damaged as well.,0,0,0,1,0
1,The can in the photo is the second can I opened.,0,0,0,0,1
1,The first can was fine,0,0,0,0,1
1,the second one as you can see is badly dented.,0,0,0,1,0
1,"The can itself felt light as if it wasn’t full and when I opened it, it wasn’t a full can.",0,0,1,0,1
1,I don’t know what caused it,0,0,0,0,1
1,it was a huge let down.,0,0,0,0,0
0,"It's one of the few caffeine-free plus sugar-free sodas,",1,0,0,0,1
0,"If you're looking for sugar-free+caffeine-free, I recommend Canada Dry Ginger Ale.",1,0,0,0,1
0,"Or if you really like lemon lime, buy Starry, it's delicious and also sugar-free+caffeine-free.",1,0,0,0,2
1,Don't waste your money.,0,1,0,0,0
0,damage goods,0,0,0,0,0
1,it was not cherry and I feel it lacks any appeal for repurchase.,0,0,0,0,0
0,took longer to arrive than listed.,0,0,0,0,0
0,"Also , listed item as a 24 pack and received 12 packs .",0,0,1,0,0
0,Only purchased due to lack of stock in grocery store.,0,0,0,0,0
1,The box was restored and in bad shape.,0,0,0,1,0
1,Roughly half the cabs dented,0,0,0,1,0
0,"Fwiw, 3 cans were oddly misshapen, and a few other cans had indents.",0,0,0,1,0
0,"Which is fine, since I won't be having any of it anyway.",0,0,0,0,1
1,Most of the cans were busted open!,0,0,0,0,0
0,All the cans where smashed couldn’t open,0,0,0,0,0
1,some cans were bent and out of shape,0,0,0,0,0
1,The description says pack of 24,0,0,1,0,1
1,its a pack of 12,0,0,1,0,1
0,Description said it was a 24 pack.,0,0,1,0,1
0,Only received a 12 pack.,0,0,0,1,0
1,Says it is a 24 pack.,0,0,1,0,1
1,It isn’t it is only 12.,0,0,0,1,0
1,Cannot be returned.,0,0,0,0,0
1,Scam.,0,0,0,0,0
0,This package came all sticky and gross.,0,0,0,0,1
0,Kinda like it’s been sitting on the shelves for a very long time,0,0,0,0,1
0,Item says pack of 24 cans !,0,0,1,0,1
0,I only received 12 cans,0,0,0,1,0
1,"I only received one box pack of 12, it’s suppose to be 23",0,0,0,1,1
0,These are 12 packs NOT 24 packs as shown in the picture.,0,0,1,0,0
0,False advertising.,0,0,1,0,0
1,What did they do it!,0,0,0,0,1
1,And we know those are disgusting!,0,0,0,0,0
0,DID NOT GET FULL ORDER ONLY GOT 12PACK,0,0,0,1,0
1,Product was damaged and I can't get a replacement,0,0,0,0,0
0,Product arrived all damaged and leaking than I couldn't get a refund,0,0,0,0,0
0,Bought from Amazon Fresh in March 2022.,0,0,0,0,1
0,"and each can from the six pack was missing a good amount of fluid already,",0,0,1,0,0
0,as if some of it had evaporated over the past several years.,0,0,0,0,1
0,Photo attached was taken a few days ago (March 2022).,0,0,0,0,1
1,"I ordered what was in the picture and description which was "" DIET Cherry 7up"" upon delivery I opened the box and it's definitely not diet cherry 7up, it's actually cherry 7up zero sugar which many may not know",0,0,0,0,1
1,there is a difference.,0,0,0,0,1
1,Unfortunately I will be returning the product.,0,0,0,0,0
0,Did not have the right kick that 7 up used to have.,0,0,0,0,0
0,I need to read labels before buying.,0,0,1,0,1
1,Cans exploded can't use mess everywhere,0,0,1,0,0
0,Type 2 diabetes in a bottleThanks to all of America fortype 2 diabetes and 400.00 per month in type 2 diabetes doctors visits and freaking co pays,0,0,0,0,1
1,the seller decided not to ship to Hawaii!,0,0,0,1,1
0,"Cans were leaking,2 were empty.",0,0,0,1,0
0,"Also, delivered to wrong apartment",0,0,0,1,1
1,I guess it’s time to switch to mineral water.,1,0,0,0,1
0,Very disappointing,0,0,0,0,1
0,Expensive,0,1,0,0,0
1,stale,0,0,1,0,0
0,"If you are allergic to Aspartame, it's unfortunately time to avoid the 7Up brand.",1,0,0,0,1
1,Dave your money.,0,1,0,0,1
0,"Horrible value, You only get one bottle for $12?",0,1,0,0,0
0,I can get one bottle in the store for 1.25 on sale.,0,1,0,0,1
0,Shame.,0,0,0,0,0
0,I'd have bought more of these.,0,0,0,0,1
1,all I will say is that this is a ridiculous price,0,1,0,0,0
0,Received refund,0,0,0,1,2
1,"I like the discount price of soda,",0,1,0,0,2
0,Received the package in large box along with soda bottles.,0,0,0,1,2
0,Disappointed,0,0,0,0,0
1,I know they didn't happen at my house,0,0,0,0,1
0,Most of the soda was ok,1,0,0,0,2
1,I don't know if I'll order soda online again.,0,0,0,1,0
0,Done ordering these !,0,0,0,0,1
1,"I ordered two 12 packages & gave one to a friend, I hope that all of their cans are okay.",0,0,0,0,1
1,I am not happy with this order.,0,0,0,1,0
1,Tops of cans were defective making it impossible to open.,0,0,0,1,0
1,Very dissapointed,0,0,0,1,0
0,"Yes, it's &-UP.",1,0,0,0,2
1,Listed 24 bottles,0,0,0,0,1
0,I kept trying to drink them so I would waste my money,1,0,0,0,0
1,Has true Diet 7up been discontinued?,0,0,0,0,1
1,Can’t find it anywhere and snapped up these bottles via Fresh.,0,0,0,0,1
0,the can is the best lots of pazzzzzzz.,1,0,0,0,2
0,great don't mess with it.,1,0,0,0,2
1,"Unfortunately, Diet 7Up is no longer available and is now 7 Up Zero.",1,0,0,0,1
1,The new 7Up Zero is not as dry and crisp as old Diet 7Up.,1,0,0,0,0
1,Zero is sweeter.,1,0,0,0,0
1,To expensive,0,1,0,0,0
0,I just threw the whole thing away.,1,0,0,0,0
0,Product is very overpriced.,0,1,0,0,0
0,so very disappointing will never order again not worth 15 bucks at all,0,1,0,0,0
1,"that it sounded like a deal, then realized I paid $1 a can.",0,1,0,0,0
1,"Usually buy this drinks,",1,0,0,0,2
0,I DON'T RECOMMEND IT WILL BE LIKE PLAYING RUSSIAN ROULETTE,0,0,0,0,0
1,i spent at least an hour washing my eye with eye wash that I bought at Wal-Mart.,0,0,0,0,1
1,I was going to go the ER,0,0,0,0,1
1,I dont have medical insurance.,0,0,0,0,1
1,I believe that I should be compensated for injuring my eye.,1,0,0,0,0
0,Never again.,1,0,0,0,0
0,I would have returned it,1,0,0,0,0
0,it was too much trouble right now with current events.,1,0,0,0,0
1,"Raised the price three time in two weeks, now it's too much for these small cans.",0,1,0,0,0
0,Very disappointed,1,0,0,0,0
0,Never again,1,0,0,0,0
1,This is not what I pay for.. Unbelievable,1,0,0,0,0
1,I will not order again,1,0,0,0,0
0,I like how fast it arrived,0,0,0,1,2
0,I didn't want this product.,1,0,0,0,0
1,Nothing distinct.Would not purchase again.,1,0,0,0,0
0,Well didn't think there was only a few inside.,0,0,0,1,0
0,Would had thought it was going to be bigger.,0,0,1,0,0
0,Like 3 12packs of each.,0,0,1,0,0
0,no no no,0,0,0,0,1
0,Flat.,1,0,0,0,0
1,The only reason I bought it about six months ago was because it was an awesome deal.,0,1,0,0,2
1,I thought I was buying diet.,1,0,0,0,1
1,My error.,1,0,0,0,1
1,The price is ridiculous for this amount of product.,0,1,0,0,0
1,will not be dealing with this product sold like this again!,0,1,0,0,0
0,Taste,1,0,0,0,1
1,It wasn't all there,0,0,0,1,0
1,ordered under sugar free got regular,0,0,0,1,0
0,Cheaper instire,0,1,0,0,2
1,Who would buy at this price?,0,1,0,0,0
1,Buy 3 separate 12 packs for about the same price.,0,1,0,0,0
0,I suppose that 25% off of a $100.00 would get some to jump all over this deal!!!,0,1,0,0,0
1,Stupid pricing even with the 25% off,0,1,0,0,0
0,I know they have a zero calorie version ofEvery flavor they are hocking in the Mountain Dew store.,0,0,0,1,2
0,This is the brands own store on Amazon so there should be no better place to find the zero cal variety,0,0,0,1,2
0,of course there is not one diet versionListed for sale at these prices here.,0,1,0,0,0
0,It’s so stupid that it’s laughable,0,1,0,0,0
0,I’m sure it soWhere else onAmazon sold by a this party for 8 times the price!,0,1,0,0,0
0,"That’s why this is the worst because it seems Most of the diet versions that have the good flavors are so expensive because it’s always some smart business guy selling them at a huge markup out of most price ranges when the brands store is the one who should be helping their loyal customers by making sure these sought after versions are available in their own online store for a reasonable price, the same they sell their regular flavors for.",0,1,0,0,0
0,I know lots of people here know what I’m talking about and how frustrating it is.,0,1,0,0,0
0,I’m not paying 25 bucks for a case of 12 cans of Baja black zero or the zero topical case for 50 bucks.,0,1,0,0,0
0,"Come on Mountain Dew, cut the crap already.",0,0,0,0,1
1,Long wait.,0,0,0,1,0
0,Came in plastic bag.,0,0,0,1,0
0,I spoke with customer service and they refunded my money.,0,0,0,1,2
1,Decided to try this collection even though I had never heard of the 2 “extra” flavors before.,1,0,0,0,1
1,"Interestingly, with the exception of the Apple and melon flavored ones, the only others I found to be worthwhile at all were purchased locally, at a typical store.",1,0,0,0,1
1,But I decided to try these since they were offered at a good price point,0,1,0,0,2
1,they were something different.,1,0,0,0,1
1,I cannot even try to describe the taste of either of the two additional flavors.,1,0,0,0,1
1,"Essentially they were both simply strange tasting, sugary drinks to me.",1,0,0,0,1
1,Wouldn’t buy them again.,1,0,0,0,0
1,But I’d still try other varieties I may come upon.,1,0,0,0,1
1,One never knows…But these - I’ll pass!,0,0,0,0,1
0,Had no problem with the shipping time which was in the dates it said it would be delivered other than it didnt ship with the rest of the items i ordered that day and idk how,0,0,0,1,2
0,2 cans were still in original box.,0,0,0,1,2
0,none were open or pierced,0,0,0,1,2
0,They taste just like a md should,1,0,0,0,2
1,"This pack is not the worse pack,",0,0,0,1,1
1,it's not great either.,0,0,0,1,1
1,Got the 3 variety pack .,0,0,1,0,1
0,They were very flat,1,0,0,0,1
0,came in on time as the shipping date stated,0,0,0,1,2
1,I didn't notice this was a 10 pack it's the same price as a 15 pack which is what I normally buy.,0,1,0,0,0
0,"Packaged well, looked nice,",0,0,1,0,2
0,very flat.,0,0,0,0,1
0,Soda is soda,1,0,0,0,1
0,for the price these cans should be twice the size that they are,0,1,0,0,0
1,if you buy it know this could happen,0,0,0,1,1
0,Variety is good.,1,0,0,0,2
1,The price is bad,0,1,0,0,0
0,If you ever watched the chemical process used to make HFCS you would think twice about putting so much of it in your body.,1,0,0,0,1
0,"Mountain Dew and Pepsi can still be found made with real sugar,",1,0,0,0,1
0,This soda came like this.,1,0,0,0,1
0,So very disappointed with this order.,0,0,0,1,0
0,From the reviews I just read that seems to be a constant complaint.,0,0,0,1,0
1,The outside box was fine.,0,0,0,1,2
0,The product might be fine,1,0,0,0,2
0,There are 12.,0,0,1,0,1
0,If you are ok with the price/12 cans it is good to order.,1,0,0,0,2
0,If not proceed with caution,0,0,0,0,1
1,Had 2 others try it that said the same thing.,1,0,0,0,1
1,Best to buy this at a reputable local seller.,0,0,0,1,0
0,Both times that I got this product.,1,0,0,0,1
1,I wish I would have read the reviews before buying.,1,0,0,0,0
1,Will not be buying again.,0,0,0,0,0
0,Won't be buying any more.,0,0,0,0,0
0,TERRIBLE.,0,0,0,0,0
0,PLUS RC IS CHEAP CRAP !,0,1,0,0,2
1,"24 cans for $7 is a great deal,",0,1,0,0,2
0,Not like it use to be.,0,0,0,0,1
1,I drink RC in the bottle everyday.,1,0,0,0,2
1,Don’t waist your money!,0,1,0,0,1
0,Will not buy again.,0,0,0,0,0
0,12 Oz 24 pack?,0,0,1,0,1
1,the order was short,0,0,0,1,2
0,Says pack of 24.,0,0,1,0,1
1,Says 24 pack,0,0,1,0,1
0,Buyer beware,0,0,0,0,1
0,This thing has hardly any carbonation.,1,0,0,0,2
0,"No, it's not expired, it's just like that.",1,0,0,0,1
0,RC is what Pepsi or Coca Cola becomes after it's opened and sitting on the countertop for hours.,1,0,0,0,1
0,The carbonation is almost all gone.,1,0,0,0,1
0,Now I know why RC costs less than Pepsi or Coke.,1,0,0,0,0
0,"If you want cola with little carbonation, you might like it",1,0,0,0,1
0,I won't buy it again.,0,0,0,0,0
0,Not worth it.,0,0,0,0,0
1,For $32 I expected good soda,1,1,0,0,1
1,This is a different recipe.,1,0,0,0,1
1,It has saccharine.,1,0,0,0,1
1,This us very sad.,1,0,0,0,0
1,Unless you like the yucky flavor of fake sugar.,1,0,0,0,1
1,Don't buy this,1,0,0,0,0
0,Was supposed to be case.,0,0,0,0,1
0,I use to like this brand not anymore,0,0,0,0,0
0,"if you can get this on sale, then it's a good value and",0,1,0,0,2
0,it's delivered straight to you.,0,0,0,1,2
0,i can keep in stock at great prices,0,1,0,0,2
0,it's delivered to my door very convenient for me i love amazon.,0,0,0,1,2
0,it's coke in in a 16 or z bottle.sadly it took almost a month to be shipped.,0,0,0,1,0
0,too expensive!,0,1,0,0,0
0,"the glass bottles were the best,",1,0,1,0,2
0,these cans are nice since they are a smaller version and stay cold until gone.,1,0,1,0,2
0,thank you amazon for carrying them and delivering them.,0,0,0,1,2
0,size of cans is good,0,0,1,0,2
0,packaging was great,0,0,1,0,2
0,i love the small cans because it is the right amount for me.,0,0,1,0,2
0,i like these small cans.,0,0,1,0,2
0,excellent price i bought 2 packs of 10 arrived next day .very satisfied with my purchase.,0,1,0,1,2
0,the perfect size because it is not good to have too much of a good thin,0,0,1,0,2
0,they’re small enough to enjoy the great coke taste!,1,0,1,0,2
0,have a little one and enjoy.,1,0,0,0,2
0,the big thing is finding this size of coca-cola at a good price in this case it's not about product quality,0,1,0,0,1
0,was too expensive.,0,1,0,0,0
0,i love the mini cokes,0,0,1,0,2
0,coke needs to stop price gouging.,0,1,0,0,0
0,not enough packing material s was busted open.,0,0,0,1,0
0,the juice boxes had a leak as well.,0,0,0,1,0
0,size is perfect for making cocktails.,0,0,1,0,2
0,the cans weren't smashed.,0,0,0,1,2
0,i absolutely love this size can of coca cola!,0,0,1,0,2
0,thank you for the can size!,0,0,1,0,2
0,i like these compact 90 calorie cans.,0,0,1,0,2
0,the convenience of being able to have it delivered right to my door is a game-changer and i will definitely be purchasing again in the future.,0,0,0,1,2
0,best value on coca-cola.,0,1,0,0,2
0,its at a cheap price.,0,1,0,0,2
0,great buy.,0,0,0,1,2
0,this was one of the easiest shopping experiences i've had in a long time.,0,0,0,1,2
0,"shipping super fast, product packaged super well",0,0,0,1,2
0,even a kind note in the package to me.,0,0,0,1,2
0,this is a great price for 10 cans of mini cokes.,0,1,0,0,2
0,great for those that can't drink a large bottle.,0,0,1,0,2
0,takes the soda craving away in a smaller size.,0,0,1,0,2
0,cute small can love coke.,1,0,0,0,2
0,having them delivered was worth it.,1,0,0,1,2
0,arrived on time and in good shape.,0,0,0,1,2
0,was packaged well.,0,0,1,1,2
0,good value.,0,1,0,0,2
0,the perfect size,0,0,1,0,2
0,prompt delivery.,0,0,0,1,2
0,they are a reasonable value.,0,1,0,0,2
0,a pretty good price.,0,1,0,0,2
0,perfect size,0,0,1,0,2
0,love the price on amazon!,0,1,0,0,2
0,"it is a little expensive for what you get,",0,1,0,0,0
0,good price,0,1,0,0,2
0,great value.,0,1,0,0,2
0,great price,0,1,0,0,2
0,super-fast shipping,0,0,0,1,2
0,"love these little minis, a household staple.",0,0,1,0,2
0,more than enough for the price.,0,1,1,0,2
0,good size.,0,0,1,0,2
0,"delivery was fast, no negative issues with the delivery, and true product.",0,0,0,1,2
0,yummy.,1,0,0,0,2
0,the delivery was fast and flawless,0,0,0,1,2
0,are cheaper than most places!,0,1,0,0,2
0,having it delivered,0,0,0,1,1
0,i like the convenience of paying a good price,0,1,0,0,2
0,efficient delivery.,0,0,0,1,2
0,best price i’ve seen yet on this product.,0,1,0,0,2
0,great deal,0,1,0,1,2
0,fast shipping,0,0,0,1,2
0,readily available.,0,0,0,1,2
0,it’s a great price,0,1,0,0,2
0,i buy from amazon in bulk and it arrives lightning fast.,0,0,0,1,2
0,i hope amazon will maintain this affordable price.,0,1,0,0,2
0,coke quality with budget savings.,0,1,0,0,2
0,price was great,0,1,0,0,2
0,way to expensive for the volume of drink.,0,1,0,0,1
0,great value for this soda.,0,1,0,0,2
0,they are quite pricey,0,1,0,0,0
0,all cans came in good condition.,0,0,0,1,2
0,the little cans are nice to take a little portion during the day.,0,0,1,0,2
0,the perfect size !,0,0,1,0,2
0,nice to have more room in refrigerator with smaller cans.,0,0,1,0,2
0,coke box was in bad shape cans were out of coke box.,0,0,0,1,0
0,"this was a little more expensive than what we usually purchase coke zero for,",0,1,0,0,2
0,i particularly like the size of these zero cokes,0,0,1,0,2
0,these are the perfect size cans,0,0,1,0,2
0,the small cans help us reduce the amount of wasted soda!,0,0,1,0,2
0,delivery was great.,0,0,0,1,2
0,easy to carry.,0,0,1,0,2
0,convenient small can of soda.,0,0,1,0,2
0,i am not a fan of the new can design.,0,0,1,0,0
0,box was torn and cans were all bent out of shape.,0,0,1,0,0
0,i think the small cans are perfect for this because i’m not sure i’d want a full size 12 oz can in one sitting.,0,0,1,0,2
0,very quick delivery.,0,0,0,1,2
0,a lower price thankfully.,0,1,0,0,2
0,perfect size.,0,0,1,0,2
0,amazon tricked me!,0,0,0,1,0
0,not a great price.,0,1,0,0,0
0,packed well.,0,0,1,1,2
0,"great prices start at eight dollars which is the standard price for that 24 cans and it went down to seven and then at the end it way down to six, so i bought an extra one.",0,1,0,0,2
0,great value.,0,1,0,0,2
0,great price.,0,1,0,0,2
0,definitely can be a good value for the money.,0,1,0,0,2
0,this was a great price.,0,1,0,0,2
0,good buy and delivery.,0,1,0,1,2
0,the better prices helps a lot.,0,1,0,0,2
0,well packed,0,0,1,1,2
0,came quick,0,0,0,1,2
0,"love the price,",0,1,0,0,2
0,delivery is great.,0,0,0,1,2
0,the price is right,0,1,0,0,2
0,i snagged this at a good price.,0,1,0,0,2
0,good price.,0,1,0,0,2
